{
  "fpr": {
    "prompt_injection": [
      0.0,
      0.0,
      0.0,
      0.1111111111111111,
      0.1111111111111111,
      0.3333333333333333,
      0.4444444444444444,
      0.4444444444444444,
      0.6666666666666666,
      0.7777777777777778,
      1.0,
      1.0
    ],
    "sensitive_data": [
      0.0,
      0.09090909090909091,
      0.09090909090909091,
      0.18181818181818182,
      0.18181818181818182,
      0.36363636363636365,
      0.36363636363636365,
      0.36363636363636365,
      0.45454545454545453,
      0.45454545454545453,
      1.0
    ]
  },
  "tpr": {
    "prompt_injection": [
      0.0,
      0.09090909090909091,
      0.5454545454545454,
      0.5454545454545454,
      0.6363636363636364,
      0.6363636363636364,
      0.6363636363636364,
      0.8181818181818182,
      0.8181818181818182,
      0.9090909090909091,
      0.9090909090909091,
      1.0
    ],
    "sensitive_data": [
      0.0,
      0.0,
      0.2222222222222222,
      0.3333333333333333,
      0.5555555555555556,
      0.5555555555555556,
      0.6666666666666666,
      0.8888888888888888,
      0.8888888888888888,
      1.0,
      1.0
    ]
  },
  "auc": {
    "prompt_injection": 0.7525252525252525,
    "sensitive_data": 0.7525252525252525
  }
}